,region,accumulation,G
0,0,134,0.0
1,0,134,0.1
2,0,150,0.3
3,0,182,0.1
4,0,205,0.4
5,0,237,0.3
6,0,270,0.6
7,0,296,1.3
8,0,320,0.6
9,0,347,1.5
10,0,369,1.1
11,0,395,1.3
12,0,419,2.7
13,0,436,1.8
14,0,458,2.5
15,0,471,1.6
16,0,490,0.8
17,0,516,1.5
18,0,549,2.1
19,0,577,2.4
20,0,593,4.2
21,0,595,2.9
22,0,603,3.9
23,0,604,2.5
24,0,628,1.8
25,0,674,1.9
26,0,702,3.4
27,0,705,3.2
28,0,735,1.6
29,0,768,2.1
30,0,790,5.7
31,0,791,3.7
32,0,793,4.3
33,0,789,3.6
34,0,780,2.2
35,0,811,2.1
36,0,845,2.2
37,0,890,3.5
38,0,912,3.2
39,0,925,3.9
40,0,926,5.1
41,0,925,3.5
42,0,923,4.0
43,0,928,4.5
44,0,931,2.1
45,0,950,3.1
46,0,986,3.3
47,0,1025,3.5
48,0,1053,3.1
49,0,1084,4.3
50,0,1085,5.4
51,0,1081,3.5
52,0,1096,3.4
53,0,1103,4.5
54,0,1101,4.2
55,0,1109,4.3
56,0,1134,1.8
57,0,1176,4.7
58,0,1194,3.8
59,0,1216,3.0
60,0,1231,6.5
61,0,1237,4.8
62,0,1226,4.0
63,0,1245,5.8
64,0,1241,3.3
65,0,1255,3.3
66,0,1285,3.5
67,0,1300,4.5
68,0,1296,3.9
69,0,1299,4.2
70,0,1326,5.8
71,0,1344,5.1
72,0,1348,6.5
73,0,1355,7.7
74,0,1318,3.6
75,0,1340,3.7
76,0,1367,2.0
77,0,1399,3.6
78,0,1400,2.5
79,0,1429,3.5
80,0,1432,7.7
81,0,1424,6.0
82,0,1464,4.7
83,0,1469,5.2
84,0,1460,4.5
85,0,1464,3.4
86,0,1481,2.5
87,0,1508,4.1
88,0,1523,3.8
89,0,1522,4.0
90,0,1513,5.5
91,0,1552,5.0
92,0,1562,5.8
93,0,1556,5.2
94,0,1564,3.5
95,0,1583,3.8
96,0,1600,3.3
97,0,1617,3.6
98,0,1639,4.1
99,0,1644,5.2
100,0,1664,6.0
101,0,1688,5.7
102,0,1691,5.1
103,0,1690,5.0
104,0,1687,2.6
105,0,1717,2.7
106,0,1752,3.7
107,0,1756,5.8
108,0,1743,6.4
109,0,1752,4.6
110,0,1768,4.0
111,0,1783,4.5
112,0,1797,4.3
113,0,1793,4.3
114,0,1794,3.8
115,0,1812,4.7
116,0,1834,2.5
117,0,1871,4.1
118,0,1897,7.3
119,0,1885,3.2
120,0,1886,6.5
121,0,1903,5.6
122,0,1903,3.6
123,0,1915,3.7
124,0,1924,3.9
125,0,1931,2.6
126,0,1948,2.8
127,0,1989,4.8
128,0,2021,3.5
129,0,2052,6.2
130,0,2042,8.6
131,0,2017,5.9
132,0,2025,4.2
133,0,2027,4.2
134,0,2026,3.1
135,0,2043,2.7
136,0,2087,3.6
137,0,2114,3.2
138,0,2145,5.0
139,0,2168,3.9
140,0,2183,5.2
141,0,2191,7.6
142,0,2163,5.1
143,0,2161,3.4
144,0,2161,5.1
145,0,2187,2.5
146,0,2230,2.8
147,0,2266,5.7
148,0,2261,3.7
149,0,2273,4.0
150,0,2290,5.0
151,0,2317,5.5
152,0,2339,5.0
153,0,2325,5.9
154,0,2328,2.3
155,0,2363,3.6
156,0,2378,5.1
157,0,2386,4.0
158,0,2392,6.4
159,0,2382,3.3
160,0,2388,4.7
161,0,2404,6.1
162,0,2409,4.5
163,0,2446,6.2
164,0,2437,5.6
165,0,2427,5.3
166,0,2428,3.6
167,0,2448,2.9
168,0,2464,3.2
169,0,2495,4.4
170,0,2492,5.4
171,0,2487,6.0
172,0,2492,3.9
173,0,2507,3.7
174,0,2535,4.4
175,0,2543,6.4
176,0,2529,3.3
177,0,2541,4.1
178,0,2539,3.2
179,0,2561,3.2
180,0,2546,7.0
181,0,2580,5.7
182,0,2588,3.1
183,0,2598,4.5
184,0,2593,3.8
185,0,2606,4.0
186,0,2627,2.8
187,0,2657,3.8
188,0,2655,3.9
189,0,2658,4.3
190,0,2678,6.0
191,0,2692,5.3
192,0,2704,4.7
193,0,2704,4.6
194,0,2697,3.0
195,0,2711,2.9
196,0,2731,3.3
197,0,2767,3.5
198,0,2784,6.4
199,0,2786,4.8
200,0,2798,5.5
201,0,2801,4.7
202,0,2811,3.5
203,0,2823,3.9
204,0,2823,6.0
205,0,2810,2.9
206,0,2829,1.9
207,0,2867,3.8
208,0,2909,4.8
209,0,2942,4.3
210,0,2943,6.2
211,0,2943,5.0
212,0,2948,3.5
213,0,2944,4.5
214,0,2939,4.3
215,0,2937,2.2
216,0,2964,2.3
217,0,3009,3.7
218,0,3021,4.4
219,0,3022,4.8
220,0,3034,5.6
221,0,3041,5.2
222,0,3031,5.7
223,0,3023,5.3
224,0,3014,2.2
225,0,3037,3.1
226,0,3074,2.8
227,0,3098,2.3
228,0,3122,3.7
229,0,3140,3.7
230,0,3157,5.6
231,0,3165,3.8
232,0,3189,4.4
233,0,3182,4.8
234,0,3171,4.9
235,0,3178,2.6
236,0,3209,1.4
237,0,3246,3.4
238,0,3262,2.9
239,0,3273,2.1
240,0,3275,4.5
241,0,3306,5.2
242,0,3315,6.7
243,0,3290,5.0
244,0,3301,3.1
245,0,3328,2.5
246,0,3353,1.7
247,0,3380,1.9
248,0,3409,2.4
249,0,3427,2.4
250,0,3432,4.4
251,0,3443,3.7
252,0,3453,6.4
253,0,3452,5.4
254,0,3455,2.6
255,0,3480,2.3
256,0,3506,3.4
257,0,3509,1.9
258,0,3529,2.6
259,0,3561,3.4
260,0,3573,2.8
261,0,3600,4.8
262,0,3607,3.9
263,0,3628,4.0
264,0,3636,4.2
265,0,3639,2.9
266,0,3664,1.3
267,0,3697,2.9
268,0,3706,4.1
269,0,3711,2.1
270,0,3728,4.4
271,0,3756,4.5
272,0,3768,4.1
273,0,3766,4.7
274,0,3753,1.9
275,0,3777,2.0
276,0,3801,3.3
277,0,3811,3.4
278,0,3818,3.5
279,0,3820,3.9
280,0,3832,5.6
281,0,3839,5.5
282,0,3831,4.5
283,0,3825,4.1
284,0,3824,2.0
285,0,3837,1.1
286,0,3872,1.5
287,0,3891,3.4
288,0,3897,3.9
289,0,3925,3.1
290,0,3941,4.2
291,0,3945,5.4
292,0,3924,3.9
293,0,3924,3.1
294,0,3924,1.5
295,0,3945,2.0
296,0,3962,2.2
297,0,3973,5.0
298,0,3981,3.8
299,0,3988,3.6
300,0,4000,5.9
301,0,3997,4.5
302,0,3973,3.1
303,0,3989,3.1
304,0,3991,1.5
305,0,4008,1.4
306,0,4030,2.9
307,0,4052,2.3
308,0,4073,3.4
309,0,4076,4.3
310,0,4068,4.8
311,0,4057,3.3
312,0,4086,3.9
313,0,4092,4.6
314,0,4077,2.4
315,0,4087,3.1
316,0,4103,2.5
317,0,4122,3.5
318,0,4125,4.4
319,0,4122,4.9
320,0,4102,3.1
321,0,4129,2.9
322,0,4152,3.4
323,0,4156,2.8
324,0,4165,2.5
325,0,4193,2.8
326,0,4209,2.3
327,0,4220,3.1
328,0,4229,4.5
329,0,4214,4.4
330,0,4202,3.9
331,0,4207,3.4
332,0,4205,3.1
333,0,4204,3.7
334,0,4214,3.2
335,0,4238,2.0
336,0,4253,2.5
337,0,4266,3.0
338,0,4271,3.6
339,0,4268,3.9
340,0,4264,3.2
341,0,4278,3.7
342,0,4271,3.7
343,0,4288,3.4
344,0,4292,2.3
345,0,4303,3.5
346,0,4311,2.4
347,0,4332,2.1
348,0,4345,4.4
349,0,4331,4.1
350,0,4325,4.4
351,0,4316,4.3
352,0,4333,3.9
353,0,4337,2.9
354,0,4339,2.1
355,0,4357,2.5
356,0,4362,2.2
357,0,4367,2.8
358,0,4384,3.3
359,0,4375,3.9
360,1,230,0.1
361,1,230,0.4
362,1,246,1.2
363,1,258,0.5
364,1,281,0.5
365,1,302,1.2
366,1,329,1.1
367,1,355,0.5
368,1,381,0.5
369,1,413,1.8
370,1,438,2.6
371,1,458,2.7
372,1,487,2.3
373,1,518,1.7
374,1,542,0.7
375,1,568,1.6
376,1,598,2.4
377,1,634,3.0
378,1,661,2.6
379,1,686,1.7
380,1,722,2.9
381,1,747,3.3
382,1,789,2.0
383,1,831,3.6
384,1,844,3.8
385,1,861,2.2
386,1,888,2.2
387,1,914,4.1
388,1,946,2.6
389,1,969,3.1
390,1,974,2.5
391,1,1011,3.4
392,1,1046,4.1
393,1,1082,4.4
394,1,1108,3.8
395,1,1125,3.1
396,1,1125,4.6
397,1,1144,4.2
398,1,1168,3.5
399,1,1189,2.7
400,1,1214,2.3
401,1,1258,3.1
402,1,1287,5.9
403,1,1328,5.6
404,1,1349,4.4
405,1,1360,4.5
406,1,1386,6.2
407,1,1382,6.0
408,1,1401,4.0
409,1,1429,3.7
410,1,1452,3.4
411,1,1471,2.4
412,1,1538,3.5
413,1,1580,5.1
414,1,1605,5.4
415,1,1618,5.7
416,1,1623,5.0
417,1,1640,5.7
418,1,1641,6.9
419,1,1653,4.2
420,1,1660,4.2
421,1,1711,2.8
422,1,1763,2.3
423,1,1804,5.3
424,1,1821,5.9
425,1,1824,6.8
426,1,1815,4.3
427,1,1831,3.8
428,1,1856,4.7
429,1,1873,6.2
430,1,1903,7.1
431,1,1910,2.7
432,1,1956,2.6
433,1,2024,4.0
434,1,2047,5.0
435,1,2051,6.8
436,1,2059,4.3
437,1,2068,6.3
438,1,2058,4.6
439,1,2073,4.3
440,1,2097,6.1
441,1,2142,5.5
442,1,2177,5.1
443,1,2203,3.3
444,1,2247,6.1
445,1,2258,4.9
446,1,2284,5.5
447,1,2289,3.9
448,1,2310,3.9
449,1,2328,2.7
450,1,2364,7.2
451,1,2401,5.1
452,1,2425,6.5
453,1,2438,6.1
454,1,2456,4.5
455,1,2490,5.2
456,1,2511,5.8
457,1,2533,5.5
458,1,2547,4.9
459,1,2558,4.3
460,1,2592,5.4
461,1,2608,5.2
462,1,2631,2.7
463,1,2678,5.8
464,1,2686,5.0
465,1,2699,5.5
466,1,2730,4.8
467,1,2771,4.7
468,1,2797,4.8
469,1,2828,4.4
470,1,2846,6.1
471,1,2847,4.0
472,1,2881,3.8
473,1,2926,3.3
474,1,2958,3.9
475,1,2996,5.3
476,1,3017,5.7
477,1,3038,7.1
478,1,3048,4.9
479,1,3068,3.6
480,1,3079,4.8
481,1,3146,6.8
482,1,3145,5.0
483,1,3189,6.0
484,1,3203,4.7
485,1,3217,5.0
486,1,3228,6.5
487,1,3239,6.6
488,1,3253,4.8
489,1,3281,3.6
490,1,3307,4.8
491,1,3327,5.5
492,1,3352,5.4
493,1,3391,3.6
494,1,3448,4.2
495,1,3449,4.5
496,1,3478,5.5
497,1,3480,7.0
498,1,3489,7.7
499,1,3489,5.3
500,1,3499,2.3
501,1,3547,2.4
502,1,3621,4.6
503,1,3670,6.1
504,1,3678,4.5
505,1,3708,5.5
506,1,3697,4.6
507,1,3687,5.4
508,1,3701,5.8
509,1,3717,5.1
510,1,3740,5.3
511,1,3764,4.6
512,1,3815,2.7
513,1,3886,5.3
514,1,3912,6.2
515,1,3911,4.1
516,1,3911,6.0
517,1,3905,5.5
518,1,3912,4.5
519,1,3936,2.8
520,1,3983,4.1
521,1,4023,4.4
522,1,4050,6.1
523,1,4068,6.1
524,1,4087,4.5
525,1,4110,4.0
526,1,4132,3.0
527,1,4160,3.3
528,1,4180,5.6
529,1,4196,6.4
530,1,4216,5.9
531,1,4237,4.1
532,1,4263,4.6
533,1,4293,6.3
534,1,4297,4.3
535,1,4325,4.0
536,1,4338,5.2
537,1,4335,3.7
538,1,4358,4.7
539,1,4379,3.7
540,1,4390,4.6
541,1,4506,3.5
542,1,4531,4.6
543,1,4538,2.9
544,1,4563,6.3
545,1,4556,6.4
546,1,4540,4.8
547,1,4558,3.8
548,1,4585,3.2
549,1,4602,4.3
550,1,4638,5.2
551,1,4656,3.9
552,1,4678,2.2
553,1,4730,3.1
554,1,4745,4.1
555,1,4746,6.8
556,1,4752,6.2
557,1,4758,4.1
558,1,4775,4.3
559,1,4791,4.8
560,1,4792,6.2
561,1,4808,5.1
562,1,4832,3.1
563,1,4890,1.9
564,1,4931,1.6
565,1,4966,3.9
566,1,5006,3.0
567,1,5026,6.3
568,1,5022,6.2
569,1,5027,4.7
570,1,5025,6.6
571,1,5028,4.9
572,1,5057,3.2
573,1,5117,2.3
574,1,5156,2.1
575,1,5188,2.8
576,1,5187,5.4
577,1,5203,5.0
578,1,5217,5.2
579,1,5207,4.2
580,1,5220,4.9
581,1,5219,4.1
582,1,5250,3.0
583,1,5306,2.4
584,1,5351,3.3
585,1,5349,3.1
586,1,5393,3.6
587,1,5407,3.7
588,1,5428,4.1
589,1,5425,3.6
590,1,5439,4.7
591,1,5429,5.0
592,1,5442,2.6
593,1,5482,3.8
594,1,5508,3.2
595,1,5529,3.3
596,1,5536,4.9
597,1,5526,3.2
598,1,5541,2.9
599,1,5567,2.5
600,1,5580,3.2
601,1,5644,4.1
602,1,5672,3.8
603,1,5695,4.3
604,1,5711,3.6
605,1,5715,3.1
606,1,5719,2.4
607,1,5737,3.7
608,1,5747,2.7
609,1,5777,1.7
610,1,5809,3.1
611,1,5843,2.6
612,1,5865,4.5
613,1,5894,4.9
614,1,5903,4.6
615,1,5891,2.8
616,1,5905,2.0
617,1,5925,2.6
618,1,5949,3.3
619,1,5973,4.2
620,1,5994,3.1
621,1,6023,4.2
622,1,6042,4.9
623,1,6044,5.8
624,1,6024,5.7
625,1,6017,4.0
626,1,6023,3.5
627,1,6024,2.9
628,1,6040,3.4
629,1,6058,2.9
630,1,6060,3.8
631,1,6123,3.5
632,1,6142,2.7
633,1,6172,3.2
634,1,6195,4.7
635,1,6207,3.6
636,1,6219,4.0
637,1,6235,3.3
638,1,6255,2.4
639,1,6273,3.1
640,1,6288,3.6
641,1,6315,2.2
642,1,6350,2.9
643,1,6368,3.6
644,1,6369,4.3
645,1,6380,5.1
646,1,6383,5.7
647,1,6369,3.5
648,1,6371,4.4
649,1,6376,3.9
650,1,6379,3.8
651,1,6388,2.6
652,1,6422,2.4
653,1,6459,2.9
654,1,6470,3.9
655,1,6480,3.1
656,1,6495,3.4
657,1,6509,5.0
658,1,6506,2.8
659,1,6511,4.0
660,1,6514,3.5
661,1,6544,1.1
662,1,6584,2.2
663,1,6619,1.7
664,1,6655,2.6
665,1,6680,2.4
666,1,6693,4.1
667,1,6705,3.6
668,1,6710,3.8
669,1,6727,3.9
670,1,6727,4.2
671,1,6726,3.6
672,1,6726,1.7
673,1,6762,1.1
674,1,6793,0.6
675,1,6818,1.6
676,1,6848,2.5
677,1,6856,2.1
678,1,6868,2.3
679,1,6873,2.0
680,1,6872,2.3
681,1,6900,2.1
682,1,6923,2.6
683,1,6964,1.8
684,1,6976,2.9
685,1,6987,2.6
686,1,6993,3.0
687,1,6989,2.2
688,1,6996,2.2
689,1,7004,3.2
690,1,6999,3.7
691,1,7011,2.1
692,1,7051,2.0
693,1,7079,2.1
694,1,7110,2.5
695,1,7124,0.9
696,1,7137,1.6
697,1,7163,1.3
698,1,7185,2.8
699,1,7192,3.5
700,1,7189,2.9
701,1,7199,2.7
702,1,7222,2.5
703,1,7248,3.3
704,1,7242,2.0
705,1,7251,2.9
706,1,7255,2.5
707,1,7263,1.0
708,1,7280,1.0
709,1,7310,1.7
710,1,7336,2.2
711,1,7356,3.5
712,1,7371,3.9
713,1,7364,2.5
714,1,7366,3.2
715,1,7366,2.3
716,1,7369,1.9
717,1,7379,3.2
718,1,7378,2.4
719,1,7384,1.2
720,2,236,0.2
721,2,236,0.5
722,2,241,0.3
723,2,252,0.6
724,2,268,0.7
725,2,285,1.0
726,2,295,0.6
727,2,324,0.8
728,2,341,0.9
729,2,367,0.3
730,2,398,1.9
731,2,421,0.7
732,2,443,1.0
733,2,474,0.9
734,2,507,1.5
735,2,534,2.0
736,2,548,1.1
737,2,570,1.1
738,2,595,1.1
739,2,620,1.7
740,2,639,2.2
741,2,681,1.5
742,2,709,1.9
743,2,739,1.2
744,2,760,3.1
745,2,772,2.5
746,2,796,1.9
747,2,810,3.2
748,2,825,3.4
749,2,836,1.2
750,2,851,3.1
751,2,897,2.6
752,2,915,2.1
753,2,962,2.8
754,2,983,1.9
755,2,1009,2.7
756,2,1020,2.8
757,2,1044,3.2
758,2,1041,2.7
759,2,1048,1.6
760,2,1067,2.8
761,2,1115,2.9
762,2,1146,3.8
763,2,1165,3.0
764,2,1190,4.0
765,2,1200,3.0
766,2,1236,3.6
767,2,1223,4.3
768,2,1214,4.2
769,2,1213,2.0
770,2,1231,3.4
771,2,1267,4.5
772,2,1301,3.5
773,2,1303,3.2
774,2,1328,2.7
775,2,1376,4.1
776,2,1390,5.0
777,2,1387,4.0
778,2,1397,2.4
779,2,1414,2.2
780,2,1421,4.2
781,2,1486,3.9
782,2,1507,3.2
783,2,1513,2.5
784,2,1541,2.6
785,2,1572,4.5
786,2,1588,6.0
787,2,1576,2.9
788,2,1610,2.6
789,2,1629,3.5
790,2,1638,7.6
791,2,1625,5.4
792,2,1613,4.3
793,2,1654,2.4
794,2,1685,3.2
795,2,1705,5.4
796,2,1700,3.6
797,2,1715,3.5
798,2,1752,5.1
799,2,1748,4.9
800,2,1725,5.5
801,2,1756,5.4
802,2,1766,3.2
803,2,1769,4.3
804,2,1774,4.6
805,2,1783,3.1
806,2,1808,4.0
807,2,1831,3.2
808,2,1842,3.4
809,2,1851,2.7
810,2,1849,6.1
811,2,1908,4.7
812,2,1924,5.5
813,2,1933,5.4
814,2,1931,3.0
815,2,1957,4.3
816,2,1962,4.0
817,2,1974,5.1
818,2,1955,3.3
819,2,1976,3.5
820,2,1994,5.0
821,2,2027,5.0
822,2,2051,3.1
823,2,2090,3.4
824,2,2098,4.9
825,2,2085,5.9
826,2,2098,5.3
827,2,2103,2.8
828,2,2113,3.4
829,2,2136,2.2
830,2,2161,4.4
831,2,2202,4.4
832,2,2219,4.0
833,2,2236,3.2
834,2,2257,4.8
835,2,2254,6.2
836,2,2252,4.1
837,2,2249,3.9
838,2,2260,4.5
839,2,2254,3.2
840,2,2265,6.2
841,2,2350,4.4
842,2,2371,3.7
843,2,2379,3.2
844,2,2400,3.6
845,2,2412,4.5
846,2,2412,5.4
847,2,2424,3.9
848,2,2420,4.2
849,2,2422,4.5
850,2,2433,6.1
851,2,2443,5.3
852,2,2471,3.4
853,2,2496,4.7
854,2,2515,3.7
855,2,2512,4.7
856,2,2531,3.8
857,2,2541,3.5
858,2,2560,5.1
859,2,2545,4.5
860,2,2544,5.6
861,2,2562,4.9
862,2,2588,6.6
863,2,2576,3.2
864,2,2608,3.2
865,2,2665,5.2
866,2,2658,3.2
867,2,2674,4.7
868,2,2672,2.3
869,2,2687,2.6
870,2,2700,6.3
871,2,2712,7.6
872,2,2697,5.1
873,2,2692,4.9
874,2,2710,2.8
875,2,2770,3.7
876,2,2792,5.5
877,2,2784,2.7
878,2,2813,2.2
879,2,2835,3.1
880,2,2844,5.3
881,2,2873,4.2
882,2,2884,3.3
883,2,2913,2.9
884,2,2946,4.8
885,2,2945,6.5
886,2,2945,3.0
887,2,2964,3.8
888,2,2958,4.9
889,2,2963,4.2
890,2,2978,4.6
891,2,3011,3.7
892,2,3058,2.9
893,2,3078,2.9
894,2,3101,5.5
895,2,3094,4.7
896,2,3109,5.6
897,2,3106,5.2
898,2,3083,4.2
899,2,3069,3.2
900,2,3052,5.7
901,2,3157,5.0
902,2,3153,3.0
903,2,3169,4.2
904,2,3175,2.9
905,2,3209,4.0
906,2,3229,4.1
907,2,3251,4.7
908,2,3238,3.0
909,2,3252,4.9
910,2,3233,3.5
911,2,3269,5.4
912,2,3271,4.6
913,2,3280,2.5
914,2,3306,2.3
915,2,3325,4.9
916,2,3334,5.9
917,2,3342,2.9
918,2,3370,4.7
919,2,3377,3.5
920,2,3378,5.0
921,2,3408,5.6
922,2,3415,4.1
923,2,3426,2.8
924,2,3443,4.3
925,2,3446,6.7
926,2,3438,3.5
927,2,3429,2.8
928,2,3443,2.7
929,2,3465,2.2
930,2,3487,4.8
931,2,3519,2.9
932,2,3553,4.4
933,2,3556,3.8
934,2,3566,5.3
935,2,3552,4.3
936,2,3536,3.1
937,2,3584,2.7
938,2,3594,1.6
939,2,3630,3.0
940,2,3643,3.8
941,2,3698,3.1
942,2,3738,3.4
943,2,3755,3.8
944,2,3758,3.5
945,2,3753,4.2
946,2,3768,4.0
947,2,3770,3.3
948,2,3781,3.1
949,2,3790,2.6
950,2,3815,3.0
951,2,3862,4.4
952,2,3899,4.0
953,2,3896,2.5
954,2,3925,3.2
955,2,3934,3.3
956,2,3941,4.3
957,2,3947,4.1
958,2,3938,4.4
959,2,3929,2.9
960,2,3926,4.7
961,2,4006,5.9
962,2,4006,2.8
963,2,4040,2.0
964,2,4058,2.2
965,2,4075,3.2
966,2,4083,3.4
967,2,4094,2.4
968,2,4118,3.0
969,2,4132,3.0
970,2,4139,6.8
971,2,4136,2.7
972,2,4168,3.6
973,2,4197,2.8
974,2,4221,3.5
975,2,4217,4.9
976,2,4198,1.6
977,2,4215,2.6
978,2,4236,2.1
979,2,4249,4.6
980,2,4252,5.1
981,2,4267,5.0
982,2,4286,4.6
983,2,4287,3.5
984,2,4310,3.5
985,2,4324,5.0
986,2,4312,2.9
987,2,4329,2.3
988,2,4352,2.6
989,2,4356,1.2
990,2,4359,3.7
991,2,4420,5.3
992,2,4426,5.1
993,2,4421,5.0
994,2,4423,2.9
995,2,4444,3.0
996,2,4449,3.6
997,2,4448,4.3
998,2,4448,3.1
999,2,4456,2.3
1000,2,4465,2.6
1001,2,4518,2.9
1002,2,4553,3.2
1003,2,4576,1.4
1004,2,4606,3.1
1005,2,4610,5.4
1006,2,4607,5.0
1007,2,4605,2.4
1008,2,4611,1.7
1009,2,4658,2.1
1010,2,4672,3.4
1011,2,4696,2.4
1012,2,4733,2.3
1013,2,4760,2.1
1014,2,4777,3.1
1015,2,4798,3.8
1016,2,4806,3.4
1017,2,4812,3.9
1018,2,4819,2.3
1019,2,4828,2.0
1020,2,4828,4.4
1021,2,4853,1.9
1022,2,4885,1.9
1023,2,4912,1.9
1024,2,4925,3.6
1025,2,4920,2.7
1026,2,4926,2.6
1027,2,4952,2.8
1028,2,4955,2.9
1029,2,4980,3.7
1030,2,4978,3.0
1031,2,5011,1.9
1032,2,5046,3.1
1033,2,5053,3.2
1034,2,5049,2.9
1035,2,5045,1.6
1036,2,5079,1.6
1037,2,5100,3.2
1038,2,5110,3.5
1039,2,5105,1.0
1040,2,5134,3.5
1041,2,5170,4.7
1042,2,5172,3.3
1043,2,5167,2.2
1044,2,5177,4.6
1045,2,5178,3.0
1046,2,5180,2.8
1047,2,5186,3.9
1048,2,5193,1.3
1049,2,5212,1.8
1050,2,5236,4.5
1051,2,5271,4.0
1052,2,5278,3.3
1053,2,5282,2.2
1054,2,5295,2.5
1055,2,5304,2.0
1056,2,5311,2.4
1057,2,5320,1.6
1058,2,5350,2.4
1059,2,5368,2.5
1060,2,5386,3.8
1061,2,5424,2.2
1062,2,5462,3.5
1063,2,5477,1.4
1064,2,5500,2.8
1065,2,5502,3.8
1066,2,5495,2.9
1067,2,5495,2.0
1068,2,5507,2.8
1069,2,5509,3.9
1070,2,5506,2.6
1071,2,5544,3.9
1072,2,5586,1.7
1073,2,5617,2.2
1074,2,5633,3.9
1075,2,5621,2.1
1076,2,5636,2.0
1077,2,5641,3.5
1078,2,5631,3.1
1079,2,5622,2.4
1080,3,113,0.0
1081,3,117,0.4
1082,3,142,0.2
1083,3,169,0.1
1084,3,203,0.2
1085,3,245,0.8
1086,3,290,0.6
1087,3,336,1.3
1088,3,359,0.7
1089,3,393,0.4
1090,3,433,1.8
1091,3,469,1.5
1092,3,507,2.5
1093,3,532,0.8
1094,3,568,1.0
1095,3,605,1.7
1096,3,627,2.1
1097,3,663,3.0
1098,3,676,2.2
1099,3,695,1.6
1100,3,734,1.7
1101,3,771,3.7
1102,3,790,3.5
1103,3,801,1.6
1104,3,830,2.8
1105,3,856,1.1
1106,3,890,1.3
1107,3,920,4.7
1108,3,930,2.6
1109,3,956,1.4
1110,3,991,3.3
1111,3,1009,3.8
1112,3,1024,5.0
1113,3,1040,4.2
1114,3,1055,1.6
1115,3,1082,1.8
1116,3,1106,1.3
1117,3,1149,4.1
1118,3,1169,2.8
1119,3,1193,2.1
1120,3,1223,3.1
1121,3,1238,4.3
1122,3,1252,6.7
1123,3,1249,5.8
1124,3,1253,4.4
1125,3,1254,2.1
1126,3,1287,1.0
1127,3,1332,3.2
1128,3,1356,4.2
1129,3,1370,2.1
1130,3,1406,2.8
1131,3,1436,3.4
1132,3,1449,5.0
1133,3,1441,6.7
1134,3,1441,4.0
1135,3,1459,2.4
1136,3,1488,1.3
1137,3,1526,3.5
1138,3,1534,4.5
1139,3,1554,2.9
1140,3,1580,2.8
1141,3,1617,4.7
1142,3,1630,4.3
1143,3,1632,5.9
1144,3,1634,4.3
1145,3,1653,3.6
1146,3,1689,2.4
1147,3,1711,5.5
1148,3,1711,3.7
1149,3,1731,3.3
1150,3,1756,3.2
1151,3,1797,4.8
1152,3,1798,4.1
1153,3,1806,4.8
1154,3,1809,3.8
1155,3,1837,4.3
1156,3,1877,2.4
1157,3,1900,2.8
1158,3,1929,2.9
1159,3,1941,3.6
1160,3,1964,3.9
1161,3,1993,4.3
1162,3,2003,4.7
1163,3,2019,4.0
1164,3,2039,5.0
1165,3,2053,4.7
1166,3,2077,3.5
1167,3,2112,4.2
1168,3,2110,2.8
1169,3,2134,2.5
1170,3,2142,4.5
1171,3,2174,3.2
1172,3,2203,4.2
1173,3,2219,4.3
1174,3,2223,3.6
1175,3,2253,4.5
1176,3,2274,4.5
1177,3,2303,4.4
1178,3,2315,4.2
1179,3,2320,3.8
1180,3,2325,4.4
1181,3,2343,4.1
1182,3,2364,3.5
1183,3,2382,4.7
1184,3,2378,2.9
1185,3,2406,4.4
1186,3,2434,3.3
1187,3,2463,5.0
1188,3,2468,3.5
1189,3,2483,3.0
1190,3,2497,3.6
1191,3,2521,4.8
1192,3,2523,4.8
1193,3,2527,4.6
1194,3,2534,3.6
1195,3,2546,4.3
1196,3,2563,2.9
1197,3,2602,5.0
1198,3,2617,3.7
1199,3,2626,2.2
1200,3,2633,3.0
1201,3,2666,3.4
1202,3,2693,5.5
1203,3,2695,5.6
1204,3,2696,3.7
1205,3,2709,2.6
1206,3,2734,2.5
1207,3,2780,4.3
1208,3,2799,4.2
1209,3,2828,3.0
1210,3,2857,2.8
1211,3,2879,5.3
1212,3,2880,4.6
1213,3,2894,4.8
1214,3,2893,3.0
1215,3,2914,4.1
1216,3,2938,1.8
1217,3,2968,4.5
1218,3,2987,4.4
1219,3,3008,3.2
1220,3,3027,3.2
1221,3,3052,3.3
1222,3,3066,5.1
1223,3,3072,7.1
1224,3,3044,4.5
1225,3,3052,1.4
1226,3,3090,0.4
1227,3,3141,4.1
1228,3,3167,4.0
1229,3,3197,4.8
1230,3,3208,2.4
1231,3,3256,2.7
1232,3,3283,5.3
1233,3,3282,7.1
1234,3,3260,3.8
1235,3,3272,2.5
1236,3,3309,1.5
1237,3,3344,3.9
1238,3,3359,4.6
1239,3,3378,4.5
1240,3,3396,2.6
1241,3,3431,3.9
1242,3,3430,4.4
1243,3,3438,5.4
1244,3,3438,3.3
1245,3,3466,2.4
1246,3,3501,1.4
1247,3,3535,2.7
1248,3,3554,4.5
1249,3,3571,3.6
1250,3,3596,3.9
1251,3,3629,3.1
1252,3,3655,4.3
1253,3,3655,5.0
1254,3,3654,3.7
1255,3,3673,2.2
1256,3,3708,1.5
1257,3,3745,3.8
1258,3,3759,4.0
1259,3,3769,3.6
1260,3,3771,4.4
1261,3,3813,3.0
1262,3,3830,5.1
1263,3,3813,5.3
1264,3,3807,4.2
1265,3,3822,4.0
1266,3,3846,3.0
1267,3,3865,3.8
1268,3,3873,2.5
1269,3,3900,2.8
1270,3,3931,3.0
1271,3,3971,3.3
1272,3,3999,3.6
1273,3,4012,4.6
1274,3,4009,3.3
1275,3,4015,3.3
1276,3,4043,2.0
1277,3,4078,3.5
1278,3,4096,3.5
1279,3,4100,1.4
1280,3,4133,3.5
1281,3,4174,4.2
1282,3,4202,4.3
1283,3,4207,3.7
1284,3,4219,2.3
1285,3,4237,3.3
1286,3,4263,2.9
1287,3,4276,3.6
1288,3,4284,3.5
1289,3,4297,1.5
1290,3,4331,3.9
1291,3,4369,4.9
1292,3,4382,5.9
1293,3,4382,4.8
1294,3,4375,2.6
1295,3,4393,2.3
1296,3,4419,2.1
1297,3,4453,3.1
1298,3,4479,2.2
1299,3,4497,2.7
1300,3,4516,2.4
1301,3,4544,4.9
1302,3,4557,6.1
1303,3,4540,3.8
1304,3,4540,2.4
1305,3,4561,2.8
1306,3,4594,1.1
1307,3,4626,3.5
1308,3,4644,2.7
1309,3,4660,2.8
1310,3,4675,2.4
1311,3,4703,3.4
1312,3,4719,4.1
1313,3,4720,4.8
1314,3,4720,2.5
1315,3,4739,2.2
1316,3,4757,0.9
1317,3,4795,3.7
1318,3,4803,4.6
1319,3,4798,2.0
1320,3,4808,3.6
1321,3,4829,2.8
1322,3,4838,5.3
1323,3,4828,4.9
1324,3,4823,1.7
1325,3,4844,2.0
1326,3,4866,1.8
1327,3,4903,4.2
1328,3,4897,4.0
1329,3,4897,2.7
1330,3,4905,3.4
1331,3,4916,2.7
1332,3,4927,4.1
1333,3,4917,4.6
1334,3,4911,2.2
1335,3,4926,2.1
1336,3,4953,2.1
1337,3,4973,3.3
1338,3,4985,2.8
1339,3,5005,1.8
1340,3,5029,2.8
1341,3,5046,3.0
1342,3,5067,4.0
1343,3,5068,5.1
1344,3,5061,3.0
1345,3,5072,0.6
1346,3,5117,1.0
1347,3,5159,3.9
1348,3,5161,4.0
1349,3,5171,2.1
1350,3,5192,3.2
1351,3,5223,3.6
1352,3,5230,3.8
1353,3,5242,4.5
1354,3,5243,2.3
1355,3,5270,1.2
1356,3,5295,0.8
1357,3,5336,2.3
1358,3,5358,2.6
1359,3,5380,1.8
1360,3,5406,2.8
1361,3,5431,2.9
1362,3,5433,4.5
1363,3,5430,3.4
1364,3,5444,2.6
1365,3,5470,1.4
1366,3,5510,1.5
1367,3,5545,1.6
1368,3,5558,1.9
1369,3,5591,1.8
1370,3,5623,3.0
1371,3,5641,2.6
1372,3,5655,3.8
1373,3,5658,2.1
1374,3,5675,3.1
1375,3,5697,1.9
1376,3,5724,1.2
1377,3,5744,2.4
1378,3,5757,2.7
1379,3,5767,1.8
1380,3,5782,1.5
1381,3,5811,2.3
1382,3,5833,2.7
1383,3,5839,3.0
1384,3,5837,2.6
1385,3,5852,2.1
1386,3,5880,1.6
1387,3,5907,2.4
1388,3,5928,1.8
1389,3,5942,1.4
1390,3,5971,1.3
1391,3,5991,2.0
1392,3,6006,2.4
1393,3,6021,3.3
1394,3,6023,2.8
1395,3,6027,1.1
1396,3,6060,0.8
1397,3,6086,2.2
1398,3,6099,3.0
1399,3,6107,2.3
1400,3,6131,3.5
1401,3,6141,1.8
1402,3,6164,4.1
1403,3,6160,2.9
1404,3,6165,3.0
1405,3,6176,1.3
1406,3,6184,0.5
1407,3,6215,2.1
1408,3,6225,2.5
1409,3,6232,1.1
1410,3,6258,2.3
1411,3,6282,2.3
1412,3,6294,3.3
1413,3,6299,2.9
1414,3,6306,2.8
1415,3,6312,2.5
1416,3,6333,1.6
1417,3,6361,1.7
1418,3,6377,1.5
1419,3,6394,0.9
1420,3,6432,1.9
1421,3,6456,2.2
1422,3,6474,1.8
1423,3,6479,2.9
1424,3,6485,1.9
1425,3,6496,2.8
1426,3,6510,0.4
1427,3,6536,1.5
1428,3,6558,3.1
1429,3,6557,2.4
1430,3,6574,3.2
1431,3,6591,2.4
1432,3,6606,2.6
1433,3,6614,3.2
1434,3,6622,1.8
1435,3,6642,1.2
1436,3,6660,0.3
1437,3,6686,1.9
1438,3,6697,2.0
1439,3,6706,1.0
1440,4,150,0.0
1441,4,152,0.3
1442,4,152,0.5
1443,4,153,0.4
1444,4,164,0.4
1445,4,177,0.6
1446,4,194,0.6
1447,4,199,0.5
1448,4,222,0.7
1449,4,228,0.4
1450,4,246,1.2
1451,4,260,0.6
1452,4,274,0.3
1453,4,296,0.9
1454,4,313,1.5
1455,4,322,1.2
1456,4,343,0.8
1457,4,348,1.6
1458,4,351,0.6
1459,4,368,1.3
1460,4,376,1.3
1461,4,389,1.8
1462,4,397,1.5
1463,4,412,2.2
1464,4,410,1.6
1465,4,428,2.4
1466,4,437,0.6
1467,4,445,2.1
1468,4,463,1.6
1469,4,475,1.4
1470,4,471,2.3
1471,4,484,2.2
1472,4,493,2.1
1473,4,496,1.6
1474,4,514,1.7
1475,4,524,2.7
1476,4,523,1.2
1477,4,548,1.9
1478,4,554,2.2
1479,4,553,2.1
1480,4,570,1.6
1481,4,586,1.7
1482,4,600,3.0
1483,4,606,1.7
1484,4,621,1.9
1485,4,625,2.5
1486,4,648,1.7
1487,4,653,1.8
1488,4,661,1.5
1489,4,670,2.8
1490,4,671,3.2
1491,4,662,2.3
1492,4,672,2.2
1493,4,673,1.8
1494,4,691,2.1
1495,4,707,2.6
1496,4,729,3.1
1497,4,729,2.5
1498,4,734,2.3
1499,4,732,2.7
1500,4,719,3.6
1501,4,724,2.4
1502,4,725,1.1
1503,4,744,2.3
1504,4,766,2.0
1505,4,773,3.2
1506,4,782,3.0
1507,4,788,3.0
1508,4,792,2.2
1509,4,788,1.9
1510,4,800,2.7
1511,4,805,2.9
1512,4,794,2.2
1513,4,827,1.9
1514,4,834,2.3
1515,4,847,2.9
1516,4,855,3.0
1517,4,851,3.4
1518,4,853,3.8
1519,4,843,1.9
1520,4,843,2.4
1521,4,857,2.5
1522,4,859,1.8
1523,4,867,2.6
1524,4,881,2.7
1525,4,901,3.6
1526,4,900,3.4
1527,4,905,2.8
1528,4,907,3.0
1529,4,898,2.4
1530,4,891,2.0
1531,4,928,2.5
1532,4,929,2.2
1533,4,935,2.1
1534,4,950,4.0
1535,4,956,3.1
1536,4,954,3.3
1537,4,939,1.9
1538,4,945,2.3
1539,4,953,3.5
1540,4,949,3.8
1541,4,941,2.9
1542,4,944,2.4
1543,4,960,2.5
1544,4,971,3.8
1545,4,963,4.6
1546,4,957,2.0
1547,4,967,2.5
1548,4,974,3.6
1549,4,977,1.8
1550,4,977,2.7
1551,4,989,2.7
1552,4,990,3.4
1553,4,984,3.7
1554,4,977,2.8
1555,4,999,3.9
1556,4,1009,2.9
1557,4,1006,3.8
1558,4,1000,1.5
1559,4,999,3.2
1560,4,982,2.7
1561,4,1015,2.9
1562,4,1023,3.7
1563,4,1008,3.0
1564,4,1010,2.8
1565,4,1021,3.2
1566,4,1022,3.5
1567,4,1026,1.6
1568,4,1048,3.5
1569,4,1039,2.5
1570,4,1032,3.8
1571,4,1033,3.2
1572,4,1047,2.8
1573,4,1044,3.2
1574,4,1043,3.3
1575,4,1036,2.8
1576,4,1051,2.9
1577,4,1059,3.3
1578,4,1052,1.9
1579,4,1068,2.9
1580,4,1061,3.7
1581,4,1052,4.0
1582,4,1046,2.8
1583,4,1048,3.3
1584,4,1031,3.2
1585,4,1060,2.6
1586,4,1067,3.3
1587,4,1055,3.4
1588,4,1052,2.8
1589,4,1053,2.8
1590,4,1045,3.8
1591,4,1036,2.9
1592,4,1043,2.9
1593,4,1040,3.3
1594,4,1031,3.6
1595,4,1030,3.8
1596,4,1026,2.7
1597,4,1029,2.9
1598,4,1026,3.7
1599,4,1017,3.8
1600,4,1000,2.0
1601,4,1011,3.5
1602,4,1012,3.2
1603,4,1017,1.8
1604,4,1040,2.1
1605,4,1046,3.2
1606,4,1051,4.1
1607,4,1038,3.2
1608,4,1026,3.5
1609,4,1018,3.4
1610,4,1019,2.8
1611,4,1027,2.9
1612,4,1030,2.2
1613,4,1027,3.1
1614,4,1023,2.8
1615,4,1037,4.6
1616,4,1033,3.3
1617,4,1037,2.6
1618,4,1042,1.5
1619,4,1045,2.1
1620,4,1027,2.9
1621,4,1098,1.7
1622,4,1100,2.5
1623,4,1093,2.7
1624,4,1104,3.4
1625,4,1108,4.1
1626,4,1100,3.1
1627,4,1086,1.6
1628,4,1099,2.0
1629,4,1092,3.0
1630,4,1102,3.1
1631,4,1108,2.0
1632,4,1123,2.3
1633,4,1135,2.2
1634,4,1155,2.5
1635,4,1165,4.0
1636,4,1160,2.7
1637,4,1165,2.9
1638,4,1169,2.7
1639,4,1168,2.3
1640,4,1162,2.3
1641,4,1174,2.8
1642,4,1175,2.5
1643,4,1169,2.5
1644,4,1176,3.5
1645,4,1194,1.6
1646,4,1233,2.4
1647,4,1230,1.8
1648,4,1240,3.1
1649,4,1237,2.6
1650,4,1225,3.1
1651,4,1225,3.9
1652,4,1223,2.4
1653,4,1225,2.8
1654,4,1234,2.1
1655,4,1259,2.6
1656,4,1263,2.5
1657,4,1276,1.8
1658,4,1281,2.7
1659,4,1278,2.5
1660,4,1274,4.8
1661,4,1256,2.4
1662,4,1273,2.1
1663,4,1281,3.0
1664,4,1286,3.3
1665,4,1277,2.7
1666,4,1296,2.0
1667,4,1304,3.0
1668,4,1288,2.6
1669,4,1288,3.1
1670,4,1289,4.7
1671,4,1265,2.7
1672,4,1269,2.5
1673,4,1272,2.0
1674,4,1295,3.0
1675,4,1319,2.7
1676,4,1332,2.9
1677,4,1317,3.0
1678,4,1305,3.0
1679,4,1306,2.5
1680,4,1294,3.5
1681,4,1313,2.2
1682,4,1313,1.4
1683,4,1334,2.5
1684,4,1345,2.9
1685,4,1344,2.3
1686,4,1350,2.5
1687,4,1351,3.4
1688,4,1346,2.2
1689,4,1335,2.4
1690,4,1350,3.0
1691,4,1346,2.4
1692,4,1344,3.3
1693,4,1357,2.6
1694,4,1366,2.1
1695,4,1382,2.7
1696,4,1393,2.7
1697,4,1389,2.8
1698,4,1388,3.5
1699,4,1377,2.7
1700,4,1375,2.1
1701,4,1378,3.4
1702,4,1386,2.4
1703,4,1392,2.5
1704,4,1405,1.7
1705,4,1419,1.6
1706,4,1436,2.5
1707,4,1442,4.7
1708,4,1412,2.4
1709,4,1416,2.0
1710,4,1404,1.7
1711,4,1437,1.3
1712,4,1449,1.4
1713,4,1456,1.7
1714,4,1483,2.9
1715,4,1475,1.8
1716,4,1495,3.0
1717,4,1494,2.2
1718,4,1514,1.2
1719,4,1532,2.1
1720,4,1531,2.9
1721,4,1529,1.9
1722,4,1534,2.4
1723,4,1546,2.8
1724,4,1549,2.4
1725,4,1557,2.2
1726,4,1578,1.3
1727,4,1583,2.0
1728,4,1582,2.0
1729,4,1598,0.7
1730,4,1613,2.5
1731,4,1616,2.5
1732,4,1614,2.1
1733,4,1620,1.9
1734,4,1627,1.5
1735,4,1651,1.6
1736,4,1665,1.5
1737,4,1671,1.4
1738,4,1686,2.0
1739,4,1688,1.6
1740,4,1697,1.7
1741,4,1721,2.6
1742,4,1720,1.6
1743,4,1726,1.4
1744,4,1747,2.5
1745,4,1753,1.5
1746,4,1766,1.5
1747,4,1771,1.7
1748,4,1774,1.1
1749,4,1791,2.8
1750,4,1781,2.4
1751,4,1782,1.7
1752,4,1788,1.9
1753,4,1794,1.1
1754,4,1811,2.0
1755,4,1810,0.9
1756,4,1847,1.1
1757,4,1865,2.2
1758,4,1872,2.1
1759,4,1887,1.8
1760,4,1886,3.2
1761,4,1880,1.8
1762,4,1883,2.0
1763,4,1889,2.2
1764,4,1889,1.1
1765,4,1918,1.4
1766,4,1936,1.6
1767,4,1934,1.6
1768,4,1941,1.8
1769,4,1945,1.5
1770,4,1949,1.4
1771,4,1963,1.4
1772,4,1977,1.7
1773,4,1989,1.3
1774,4,2000,0.7
1775,4,2031,0.9
1776,4,2052,1.9
1777,4,2052,2.1
1778,4,2048,1.7
1779,4,2050,2.4
1780,4,2047,1.5
1781,4,2046,1.2
1782,4,2050,1.0
1783,4,2071,1.5
1784,4,2077,1.8
1785,4,2075,1.2
1786,4,2094,1.6
1787,4,2101,1.3
1788,4,2105,2.0
1789,4,2101,1.9
1790,4,2108,2.2
1791,4,2113,2.7
1792,4,2106,1.7
1793,4,2113,1.9
1794,4,2125,1.8
1795,4,2130,2.0
1796,4,2125,1.7
1797,4,2124,1.7
1798,4,2122,1.5
1799,4,2109,1.2
1800,5,179,0.2
1801,5,178,0.1
1802,5,188,0.3
1803,5,200,0.2
1804,5,217,0.5
1805,5,237,0.5
1806,5,253,0.4
1807,5,266,0.5
1808,5,287,0.2
1809,5,309,0.7
1810,5,330,0.9
1811,5,348,1.4
1812,5,360,1.3
1813,5,376,0.2
1814,5,398,0.8
1815,5,420,1.1
1816,5,439,0.3
1817,5,463,0.5
1818,5,490,0.5
1819,5,508,2.1
1820,5,519,2.7
1821,5,535,1.4
1822,5,547,2.8
1823,5,549,1.5
1824,5,561,1.2
1825,5,593,0.6
1826,5,624,0.8
1827,5,640,1.1
1828,5,662,2.9
1829,5,661,2.6
1830,5,665,1.2
1831,5,692,2.2
1832,5,701,4.0
1833,5,703,2.1
1834,5,726,1.3
1835,5,747,1.0
1836,5,756,2.0
1837,5,768,1.2
1838,5,797,2.9
1839,5,795,3.0
1840,5,795,1.1
1841,5,827,1.7
1842,5,842,3.5
1843,5,845,3.0
1844,5,858,2.2
1845,5,871,1.3
1846,5,897,2.7
1847,5,895,3.3
1848,5,888,1.6
1849,5,909,1.4
1850,5,934,1.6
1851,5,958,2.1
1852,5,969,3.4
1853,5,969,3.4
1854,5,975,1.0
1855,5,996,1.8
1856,5,1007,3.2
1857,5,1007,1.2
1858,5,1035,2.7
1859,5,1039,2.5
1860,5,1037,3.0
1861,5,1066,2.3
1862,5,1067,3.4
1863,5,1071,2.8
1864,5,1082,1.3
1865,5,1113,3.4
1866,5,1117,3.0
1867,5,1121,2.3
1868,5,1134,3.0
1869,5,1137,3.3
1870,5,1130,2.9
1871,5,1135,1.8
1872,5,1142,3.2
1873,5,1167,3.4
1874,5,1166,2.6
1875,5,1181,3.1
1876,5,1196,2.3
1877,5,1203,1.3
1878,5,1228,1.3
1879,5,1252,1.9
1880,5,1257,3.7
1881,5,1269,2.9
1882,5,1269,4.6
1883,5,1254,4.9
1884,5,1240,4.6
1885,5,1232,2.2
1886,5,1247,1.8
1887,5,1276,1.5
1888,5,1296,1.1
1889,5,1312,1.2
1890,5,1325,2.0
1891,5,1384,3.7
1892,5,1378,6.2
1893,5,1338,4.3
1894,5,1331,2.8
1895,5,1334,3.7
1896,5,1328,2.0
1897,5,1350,0.7
1898,5,1396,1.0
1899,5,1438,1.6
1900,5,1458,2.9
1901,5,1481,4.7
1902,5,1468,4.8
1903,5,1463,4.0
1904,5,1454,2.6
1905,5,1453,3.1
1906,5,1468,2.4
1907,5,1473,2.0
1908,5,1481,1.9
1909,5,1510,2.3
1910,5,1530,4.3
1911,5,1524,2.7
1912,5,1523,3.9
1913,5,1523,3.8
1914,5,1531,3.3
1915,5,1533,2.5
1916,5,1541,3.1
1917,5,1544,1.9
1918,5,1562,2.6
1919,5,1569,3.5
1920,5,1552,2.1
1921,5,1604,3.1
1922,5,1614,5.2
1923,5,1590,5.1
1924,5,1578,3.4
1925,5,1579,2.6
1926,5,1596,2.4
1927,5,1597,2.1
1928,5,1612,3.5
1929,5,1609,4.0
1930,5,1604,3.4
1931,5,1602,3.8
1932,5,1620,5.2
1933,5,1606,3.4
1934,5,1615,1.2
1935,5,1633,1.3
1936,5,1663,1.6
1937,5,1685,4.2
1938,5,1682,2.7
1939,5,1691,1.7
1940,5,1700,4.0
1941,5,1702,4.4
1942,5,1695,4.3
1943,5,1696,3.1
1944,5,1702,2.3
1945,5,1734,2.8
1946,5,1730,1.4
1947,5,1739,3.2
1948,5,1740,2.9
1949,5,1752,3.3
1950,5,1760,2.6
1951,5,1772,2.3
1952,5,1786,4.0
1953,5,1785,3.9
1954,5,1775,3.1
1955,5,1798,3.8
1956,5,1796,2.1
1957,5,1810,2.1
1958,5,1826,1.5
1959,5,1846,2.0
1960,5,1858,2.4
1961,5,1886,1.8
1962,5,1916,5.0
1963,5,1901,5.1
1964,5,1884,5.4
1965,5,1858,3.3
1966,5,1861,2.3
1967,5,1871,1.7
1968,5,1881,1.8
1969,5,1894,1.8
1970,5,1915,2.2
1971,5,1929,3.0
1972,5,1930,5.6
1973,5,1911,4.6
1974,5,1905,2.6
1975,5,1912,1.5
1976,5,1927,2.4
1977,5,1935,1.8
1978,5,1953,2.7
1979,5,1955,1.3
1980,5,1957,2.6
1981,5,2032,3.0
1982,5,2029,4.8
1983,5,2022,3.3
1984,5,2018,2.2
1985,5,2032,2.5
1986,5,2049,1.8
1987,5,2085,1.7
1988,5,2112,2.6
1989,5,2120,2.1
1990,5,2127,3.1
1991,5,2131,4.8
1992,5,2112,4.3
1993,5,2102,3.7
1994,5,2101,1.8
1995,5,2110,2.6
1996,5,2124,2.8
1997,5,2139,1.2
1998,5,2160,0.8
1999,5,2186,2.0
2000,5,2201,5.4
2001,5,2187,3.4
2002,5,2189,5.0
2003,5,2176,3.6
2004,5,2167,3.1
2005,5,2163,1.9
2006,5,2186,0.8
2007,5,2204,0.4
2008,5,2235,1.2
2009,5,2254,3.4
2010,5,2247,2.0
2011,5,2272,2.5
2012,5,2285,5.8
2013,5,2267,3.8
2014,5,2252,1.5
2015,5,2262,1.6
2016,5,2271,1.3
2017,5,2311,1.7
2018,5,2330,2.9
2019,5,2337,2.4
2020,5,2340,2.7
2021,5,2354,2.5
2022,5,2363,4.5
2023,5,2349,3.2
2024,5,2348,1.6
2025,5,2365,2.6
2026,5,2383,2.6
2027,5,2385,2.3
2028,5,2391,2.2
2029,5,2397,1.7
2030,5,2413,1.2
2031,5,2434,1.8
2032,5,2443,3.8
2033,5,2435,3.1
2034,5,2444,2.2
2035,5,2468,1.9
2036,5,2481,2.9
2037,5,2480,2.8
2038,5,2471,2.2
2039,5,2491,1.4
2040,5,2497,2.7
2041,5,2544,1.8
2042,5,2559,4.0
2043,5,2554,3.1
2044,5,2551,1.5
2045,5,2565,3.3
2046,5,2569,1.4
2047,5,2594,1.5
2048,5,2614,2.0
2049,5,2626,1.9
2050,5,2641,1.6
2051,5,2657,2.7
2052,5,2658,3.5
2053,5,2671,3.7
2054,5,2659,2.4
2055,5,2668,1.2
2056,5,2692,1.2
2057,5,2709,0.7
2058,5,2746,1.5
2059,5,2760,1.7
2060,5,2771,4.2
2061,5,2770,3.0
2062,5,2783,3.6
2063,5,2785,4.0
2064,5,2781,2.2
2065,5,2794,1.0
2066,5,2817,2.0
2067,5,2836,1.6
2068,5,2855,2.0
2069,5,2867,0.9
2070,5,2884,1.1
2071,5,2937,2.2
2072,5,2949,6.4
2073,5,2918,3.0
2074,5,2930,1.4
2075,5,2955,1.9
2076,5,2964,2.5
2077,5,2964,1.3
2078,5,2985,1.2
2079,5,2997,2.4
2080,5,3000,2.1
2081,5,3013,3.6
2082,5,3003,4.3
2083,5,2996,4.5
2084,5,2979,4.7
2085,5,2985,2.3
2086,5,3002,1.1
2087,5,3021,0.8
2088,5,3035,1.0
2089,5,3074,2.5
2090,5,3080,3.4
2091,5,3075,2.4
2092,5,3084,4.7
2093,5,3068,3.8
2094,5,3068,1.3
2095,5,3094,1.7
2096,5,3114,2.2
2097,5,3127,0.8
2098,5,3147,1.3
2099,5,3166,2.8
2100,5,3170,3.7
2101,5,3181,2.4
2102,5,3175,3.8
2103,5,3165,2.2
2104,5,3173,2.0
2105,5,3184,1.2
2106,5,3204,2.1
2107,5,3217,2.3
2108,5,3229,2.9
2109,5,3234,3.1
2110,5,3233,1.7
2111,5,3245,1.9
2112,5,3251,3.7
2113,5,3239,2.9
2114,5,3237,1.7
2115,5,3243,1.1
2116,5,3269,1.2
2117,5,3284,2.2
2118,5,3299,1.3
2119,5,3313,2.1
2120,5,3313,2.7
2121,5,3331,1.9
2122,5,3334,4.9
2123,5,3317,2.9
2124,5,3308,2.0
2125,5,3323,1.5
2126,5,3337,2.0
2127,5,3341,1.0
2128,5,3364,0.7
2129,5,3389,1.8
2130,5,3396,2.1
2131,5,3411,1.8
2132,5,3420,4.9
2133,5,3400,3.4
2134,5,3391,1.9
2135,5,3394,3.0
2136,5,3390,1.6
2137,5,3401,1.4
2138,5,3417,1.6
2139,5,3429,2.3
2140,5,3432,2.9
2141,5,3441,1.7
2142,5,3452,3.3
2143,5,3451,2.7
2144,5,3447,2.6
2145,5,3444,1.1
2146,5,3472,1.1
2147,5,3481,1.5
2148,5,3491,1.8
2149,5,3503,1.9
2150,5,3509,2.4
2151,5,3515,1.8
2152,5,3520,3.3
2153,5,3514,3.3
2154,5,3502,2.0
2155,5,3506,0.8
2156,5,3526,1.8
2157,5,3528,2.0
2158,5,3521,1.0
2159,5,3524,1.3
